{"boys_baby":[{"id":"177","cat_name":"Baby Boys Apparel","subcategory":[{"id":"178","subcat_name":"Activewear"},{"id":"179","subcat_name":"Bodysuits"},{"id":"180","subcat_name":"Dresswear"},{"id":"181","subcat_name":"Rompers, Footies & Coveralls"},{"id":"182","subcat_name":"Outerwear"},{"id":"183","subcat_name":"Separates"},{"id":"184","subcat_name":"Sets"},{"id":"185","subcat_name":"Sleepwear"},{"id":"186","subcat_name":"Baby Spa"},{"id":"188","subcat_name":"Swimwear"}]},{"id":"224","cat_name":"Baby Gifts & Accessories","subcategory": ""},{"id":"202","cat_name":"Holiday Apparel","subcategory":""},{"id":"203","cat_name":"Baby Health & Safety","subcategory":""},{"id":"211","cat_name":"Nursery Furniture & Accessories","subcategory":""}],"girls_baby":[{"id":"212","cat_name":"Baby Girls Apparel","subcategory":[{"id":"213","subcat_name":"Activewear"},{"id":"214","subcat_name":"Bodysuits"},{"id":"215","subcat_name":"Dresswear"},{"id":"216","subcat_name":"Outerwear"},{"id":"217","subcat_name":"Rompers, Footies & Coveralls"},{"id":"219","subcat_name":"Sets"},{"id":"220","subcat_name":"Sleepwear"},{"id":"221","subcat_name":"Baby Spa"},{"id":"222","subcat_name":"Swimwear"}]},{"id":"224","cat_name":"Baby Gifts & Accessories","subcategory":""},{"id":"203","cat_name":"Baby Health & Safety","subcategory":""},{"id":"246","cat_name":"Nursery Furniture & Accessories","subcategory":""}],"boys_2to7":[{"id":"255","cat_name":"Tops & Tees","subcategory":[{"id":"259","subcat_name":"Dress Shirts"},{"id":"260","subcat_name":"Hoodies & Fleece"}]},{"id":"267","cat_name":"Shorts","subcategory":""},{"id":"262","cat_name":"Jeans","subcategory":""},{"id":"261","cat_name":"Pants","subcategory":""},{"id":"247","cat_name":"Activewear","subcategory":""},{"id":"252","cat_name":"Dresswear","subcategory":""},{"id":"253","cat_name":"Sets","subcategory":""},{"id":"254","cat_name":"Outerwear","subcategory":""},{"id":"269","cat_name":"Sleepwear","subcategory":""},{"id":"270","cat_name":"Swimwear","subcategory":""}],"girls_2to6":[{"id":"271","cat_name":"Activewear","subcategory":""},{"id":"276","cat_name":"Dresswear","subcategory":""},{"id":"277","cat_name":"Sets","subcategory":""},{"id":"278","cat_name":"Outerwear","subcategory":""},{"id":"279","cat_name":"Tops & Tees","subcategory":[{"id":"283","subcat_name":"Tanks & Camis"},{"id":"284","subcat_name":"Sweaters"},{"id":"285","subcat_name":"Hoodies & Jackets"}]},{"id":"286","cat_name":"Skirts","subcategory":""},{"id":"287","cat_name":"Pants","subcategory":""},{"id":"288","cat_name":"Jeans","subcategory":""},{"id":"294","cat_name":"Leggings","subcategory":""},{"id":"295","cat_name":"Shorts","subcategory":""},{"id":"297","cat_name":"Sleepwear","subcategory":""},{"id":"298","cat_name":"Swimwear","subcategory":""}],"boys_8to20":[{"id":"305","cat_name":"Tops & Tees","subcategory":[{"id":"309","subcat_name":"Dress Shirts"},{"id":"310","subcat_name":"Hoodies & Fleece"}]},{"id":"311","cat_name":"Pants","subcategory":""},{"id":"312","cat_name":"Jeans","subcategory":""},{"id":"299","cat_name":"Activewear","subcategory":[{"id":"300","subcat_name":"Tops"},{"id":"301","subcat_name":"Bottoms"}]},{"id":"303","cat_name":"Dresswear","subcategory":""},{"id":"304","cat_name":"Outerwear","subcategory":""},{"id":"318","cat_name":"Shorts","subcategory":""},{"id":"320","cat_name":"Sleepwear","subcategory":""},{"id":"321","cat_name":"Swimwear","subcategory":""}],"girls_7to16":[{"id":"322","cat_name":"Activewear","subcategory":""},{"id":"327","cat_name":"Dresswear","subcategory":""},{"id":"328","cat_name":"Outerwear","subcategory":""},{"id":"329","cat_name":"Tops & Tees","subcategory":[{"id":"332","subcat_name":"Screen Tees"},{"id":"333","subcat_name":"Tanks & Camis"},{"id":"334","subcat_name":"Sweaters"},{"id":"335","subcat_name":"Hoodies & Jackets"}]},{"id":"336","cat_name":"Pants","subcategory":""},{"id":"337","cat_name":"Jeans","subcategory":""},{"id":"342","cat_name":"Skirts","subcategory":""},{"id":"343","cat_name":"Leggings","subcategory":""},{"id":"344","cat_name":"Shorts","subcategory":""},{"id":"345","cat_name":"Rompers","subcategory":""},{"id":"347","cat_name":"Sleepwear","subcategory":""},{"id":"348","cat_name":"Swimwear","subcategory":""}]}