[{"id":"1","cat_name":"Shirts & Tops","subcategory":[{"id":"2","subcat_name":"Casual Shirt"},{"id":"3","subcat_name":"Dress Shirt"},{"id":"4","subcat_name":"T-shirt"},{"id":"5","subcat_name":"Polo"},{"id":"6","subcat_name":"Fitted"},{"id":"7","subcat_name":"Slim Fit"},{"id":"8","subcat_name":"Classic Fit"}]},{"id":"9","cat_name":"Pants","subcategory":[{"id":"10","subcat_name":"Casual Pant"},{"id":"11","subcat_name":"Dress Pant"},{"id":"12","subcat_name":"Joggers & Sweat pants"}]},{"id":"13","cat_name":"Jeans","subcategory":[{"id":"14","subcat_name":"Straight Fit"},{"id":"15","subcat_name":"Boot Cut"},{"id":"16","subcat_name":"Slim Fit"},{"id":"17","subcat_name":"Skinny Fit"},{"id":"18","subcat_name":"Relax Fit"},{"id":"19","subcat_name":"Regular Fit"}]},{"id":"20","cat_name":"Suits","subcategory":[{"id":"21","subcat_name":"Suit"},{"id":"22","subcat_name":"Suits Separates"},{"id":"23","subcat_name":"Classic"},{"id":"24","subcat_name":"Slim Fit"},{"id":"25","subcat_name":"Trim Fit"}]},{"id":"26","cat_name":"Coat & Outwear","subcategory":[{"id":"27","subcat_name":"Active"},{"id":"28","subcat_name":"Insulated"},{"id":"29","subcat_name":"Bomber"},{"id":"30","subcat_name":"Fleece"},{"id":"31","subcat_name":"Puffer"},{"id":"32","subcat_name":"Peacoat"},{"id":"33","subcat_name":"Motorcycle"},{"id":"34","subcat_name":"Overcoat"},{"id":"37","subcat_name":"Vests"},{"id":"38","subcat_name":"Shells & Wind Breakers"}]},{"id":"39","cat_name":"Sleepwear","subcategory":[{"id":"40","subcat_name":"Bottoms"},{"id":"41","subcat_name":"Tops"},{"id":"42","subcat_name":"Robes"},{"id":"43","subcat_name":"Sets"}]},{"id":"44","cat_name":"Swimwear","subcategory":[{"id":"46","subcat_name":"Bottoms"}]},{"id":"47","cat_name":"Shorts","subcategory":[{"id":"48","subcat_name":"Cargo"},{"id":"49","subcat_name":"Jeans"}]},{"id":"50","cat_name":"Sweaters","subcategory":""},{"id":"51","cat_name":"Blazers & Jackets","subcategory":""},{"id":"52","cat_name":"Hoodies & Sweatshirts","subcategory":""},{"id":"53","cat_name":"Underwear","subcategory":""},{"id":"54","cat_name":"Mens Shoes","subcategory":[{"id":"55","subcat_name":"Boots"},{"id":"56","subcat_name":"Lace Up & Oxfords"},{"id":"57","subcat_name":"Loafers & Slip On"},{"id":"58","subcat_name":"Sandal & Flip Flops"},{"id":"59","subcat_name":"Sneakers & Athletic"},{"id":"60","subcat_name":"Slippers"}]},{"id":"61","cat_name":"Mens Accessories","subcategory":[{"id":"62","subcat_name":"Hats"},{"id":"63","subcat_name":"Belts"},{"id":"64","subcat_name":"Ties"},{"id":"65","subcat_name":"Scarves"},{"id":"66","subcat_name":"Gloves"},{"id":"67","subcat_name":"Cufflinks"},{"id":"68","subcat_name":"Tech Accessories"},{"id":"69","subcat_name":"Wallets"}]}]