[{"id":"70","cat_name":"Dresses","subcategory":[{"id":"71","subcat_name":"Formal"},{"id":"72","subcat_name":"Dress\/Work"},{"id":"73","subcat_name":"Wedding"},{"id":"74","subcat_name":"Evening & Cocktail"},{"id":"75","subcat_name":"Nightclub\/Party"},{"id":"76","subcat_name":"Prom and Homecoming"},{"id":"77","subcat_name":"Sweater Dresses"}]},{"id":"78","cat_name":"Pants","subcategory":[{"id":"79","subcat_name":"Dress Pants"},{"id":"80","subcat_name":"Capri"},{"id":"81","subcat_name":"Leggings"},{"id":"82","subcat_name":"Joggers & Sweat Pants"},{"id":"83","subcat_name":"Casuals"},{"id":"84","subcat_name":"Athletics"}]},{"id":"85","cat_name":"Shirts & Tops","subcategory":[{"id":"86","subcat_name":"T-Shirts"},{"id":"87","subcat_name":"Shirt & Blouses"},{"id":"88","subcat_name":"Tank Tops"},{"id":"89","subcat_name":"Polos"},{"id":"90","subcat_name":"Camis"}]},{"id":"91","cat_name":"Jeans","subcategory":[{"id":"92","subcat_name":"Straight Fit"},{"id":"93","subcat_name":"Slim Fit"},{"id":"94","subcat_name":"Relaxed Fit"},{"id":"95","subcat_name":"Skinny Fit"},{"id":"96","subcat_name":"Boot Cut"},{"id":"97","subcat_name":"Regular Fit"},{"id":"98","subcat_name":"Cropped"}]},{"id":"99","cat_name":"Suits","subcategory":[{"id":"100","subcat_name":"Suit"},{"id":"101","subcat_name":"Suit Separates"},{"id":"102","subcat_name":"Classic Fit"},{"id":"103","subcat_name":"Slim Fit"},{"id":"104","subcat_name":"Trim Fit"}]},{"id":"105","cat_name":"Coats & Outwear","subcategory":[{"id":"106","subcat_name":"Active"},{"id":"107","subcat_name":"Insulated"},{"id":"108","subcat_name":"Bomber"},{"id":"109","subcat_name":"Fleece"},{"id":"110","subcat_name":"Puffer"},{"id":"111","subcat_name":"Peacoat"},{"id":"112","subcat_name":"Motorcycle"},{"id":"113","subcat_name":"Overcoat"},{"id":"114","subcat_name":"Trench Coat"},{"id":"115","subcat_name":"Vests"},{"id":"116","subcat_name":"Shells & Wind Breakers"}]},{"id":"117","cat_name":"Sleepwear","subcategory":[{"id":"118","subcat_name":"Pajama Bottoms"},{"id":"119","subcat_name":"Pajama Tops"},{"id":"120","subcat_name":"Pajama Sets"},{"id":"121","subcat_name":"Night Gowns"},{"id":"122","subcat_name":"Robes"}]},{"id":"123","cat_name":"Skirts","subcategory":[{"id":"124","subcat_name":"Short"},{"id":"125","subcat_name":"Knee Length"},{"id":"126","subcat_name":"Long"},{"id":"127","subcat_name":"Tea Length\/Below the Knee"}]},{"id":"128","cat_name":"Intimates","subcategory":[{"id":"129","subcat_name":"Bras"},{"id":"130","subcat_name":"Panties"},{"id":"131","subcat_name":"Hosiery"},{"id":"132","subcat_name":"Shapewear"},{"id":"133","subcat_name":"Bustier & Corsets"},{"id":"134","subcat_name":"Slip"},{"id":"135","subcat_name":"Lingerie Sets"},{"id":"136","subcat_name":"Camisoles Tanks"}]},{"id":"137","cat_name":"Swimwear","subcategory":[{"id":"138","subcat_name":"Tops"},{"id":"139","subcat_name":"Bottoms"},{"id":"140","subcat_name":"Coverups"},{"id":"141","subcat_name":"One Piece"}]},{"id":"142","cat_name":"Shorts","subcategory":[{"id":"143","subcat_name":"Cargo"},{"id":"144","subcat_name":"Jeans"}]},{"id":"145","cat_name":"Sweaters","subcategory":""},{"id":"146","cat_name":"Blazers & Jackets","subcategory":""},{"id":"147","cat_name":"Hoodies & Sweatshirts","subcategory":""},{"id":"148","cat_name":"Underwears","subcategory":""},{"id":"149","cat_name":"Womens Shoes","subcategory":[{"id":"150","subcat_name":"Sandals"},{"id":"151","subcat_name":"Heels"},{"id":"152","subcat_name":"Boots"},{"id":"153","subcat_name":"Flats"},{"id":"154","subcat_name":"Boat"},{"id":"155","subcat_name":"Slippers"},{"id":"156","subcat_name":"Sneakers & Athletic"},{"id":"157","subcat_name":"Pumps"},{"id":"158","subcat_name":"Wedges"}]},{"id":"159","cat_name":"Womens Accessories","subcategory":[{"id":"160","subcat_name":"Hats"},{"id":"161","subcat_name":"Belts"},{"id":"162","subcat_name":"Scarves"},{"id":"163","subcat_name":"Gloves"},{"id":"164","subcat_name":"Hair Accessories"},{"id":"165","subcat_name":"Socks & Tights"},{"id":"166","subcat_name":"Wallets"},{"id":"167","subcat_name":"Cosmetic Bags"},{"id":"168","subcat_name":"Tech Accessories"}]},{"id":"169","cat_name":"Handbags","subcategory":[{"id":"170","subcat_name":"Backpacks"},{"id":"171","subcat_name":"Clutches"},{"id":"172","subcat_name":"Hobo"},{"id":"173","subcat_name":"Satchels"},{"id":"174","subcat_name":"Shoulder Bags"},{"id":"175","subcat_name":"Tote Bags"},{"id":"176","subcat_name":"Cross Body"}]}]